iter	MultiClass
0	1.511540727
1	1.411970184
2	1.318581549
3	1.275164094
4	1.216442597
5	1.152974799
6	1.116447955
7	1.063805345
8	0.9912104598
9	0.9550895081
10	0.9175574675
11	0.8964150231
12	0.8614484708
13	0.8328751318
14	0.8052018201
15	0.7883183915
16	0.7717289288
17	0.7490498072
18	0.728266206
19	0.7090650972
20	0.6953988137
21	0.6638054546
22	0.6457875343
23	0.627022423
24	0.605048187
